<?xml version="1.0" encoding="UTF-8"?>
<module codename="org.netbeans.modules.junit/2">
    <module_version install_time="1280358063517" last="true" origin="installer" specification_version="2.36.2">
        <file crc="2850128966" name="ant/patches/72080.jar"/>
        <file crc="3744911987" name="config/Modules/org-netbeans-modules-junit.xml"/>
        <file crc="920500528" name="docs/junit-3.8.2-api.zip"/>
        <file crc="1100775874" name="docs/junit-4.5-api.zip"/>
        <file crc="2515977817" name="docs/junit-4.5-src.jar"/>
        <file crc="4264867799" name="modules/ext/junit-3.8.2.jar"/>
        <file crc="2596270304" name="modules/org-netbeans-modules-junit.jar"/>
    </module_version>
</module>
