<?xml version="1.0" encoding="UTF-8"?>
<module codename="org.apache.tools.ant.module/3">
    <module_version install_time="1280356962738" last="true" origin="installer" specification_version="3.41.2.2">
        <file crc="3691168879" name="ant/bin/ant"/>
        <file crc="1827977135" name="ant/bin/ant.bat"/>
        <file crc="3888342310" name="ant/bin/ant.cmd"/>
        <file crc="3542151594" name="ant/bin/antRun"/>
        <file crc="1972953576" name="ant/bin/antRun.bat"/>
        <file crc="183723485" name="ant/bin/antRun.pl"/>
        <file crc="3886796075" name="ant/bin/antenv.cmd"/>
        <file crc="3332684121" name="ant/bin/complete-ant-cmd.pl"/>
        <file crc="764926773" name="ant/bin/envset.cmd"/>
        <file crc="726621973" name="ant/bin/lcp.bat"/>
        <file crc="843725328" name="ant/bin/runant.pl"/>
        <file crc="770585742" name="ant/bin/runant.py"/>
        <file crc="3300495975" name="ant/bin/runrc.cmd"/>
        <file crc="2770908058" name="ant/etc/ant-bootstrap.jar"/>
        <file crc="217525316" name="ant/etc/changelog.xsl"/>
        <file crc="3337405972" name="ant/etc/checkstyle/checkstyle-frames.xsl"/>
        <file crc="2197750385" name="ant/etc/checkstyle/checkstyle-text.xsl"/>
        <file crc="3616949689" name="ant/etc/checkstyle/checkstyle-xdoc.xsl"/>
        <file crc="4129304076" name="ant/etc/coverage-frames.xsl"/>
        <file crc="1467231341" name="ant/etc/jdepend-frames.xsl"/>
        <file crc="1880582538" name="ant/etc/jdepend.xsl"/>
        <file crc="2442738685" name="ant/etc/junit-frames-xalan1.xsl"/>
        <file crc="569639059" name="ant/etc/junit-frames.xsl"/>
        <file crc="589220347" name="ant/etc/junit-noframes.xsl"/>
        <file crc="3295503148" name="ant/etc/log.xsl"/>
        <file crc="1316643094" name="ant/etc/maudit-frames.xsl"/>
        <file crc="4189635727" name="ant/etc/mmetrics-frames.xsl"/>
        <file crc="1674363330" name="ant/etc/tagdiff.xsl"/>
        <file crc="2041206261" name="ant/lib/ant-antlr.jar"/>
        <file crc="767680946" name="ant/lib/ant-apache-bcel.jar"/>
        <file crc="2643771679" name="ant/lib/ant-apache-bsf.jar"/>
        <file crc="1601465641" name="ant/lib/ant-apache-log4j.jar"/>
        <file crc="1979684641" name="ant/lib/ant-apache-oro.jar"/>
        <file crc="2234514546" name="ant/lib/ant-apache-regexp.jar"/>
        <file crc="652069862" name="ant/lib/ant-apache-resolver.jar"/>
        <file crc="1559903926" name="ant/lib/ant-apache-xalan2.jar"/>
        <file crc="242711136" name="ant/lib/ant-commons-logging.jar"/>
        <file crc="510266721" name="ant/lib/ant-commons-net.jar"/>
        <file crc="648893667" name="ant/lib/ant-jai.jar"/>
        <file crc="2859020592" name="ant/lib/ant-javamail.jar"/>
        <file crc="1003384956" name="ant/lib/ant-jdepend.jar"/>
        <file crc="290945431" name="ant/lib/ant-jmf.jar"/>
        <file crc="1572514006" name="ant/lib/ant-jsch.jar"/>
        <file crc="3383705132" name="ant/lib/ant-junit.jar"/>
        <file crc="1722358748" name="ant/lib/ant-launcher.jar"/>
        <file crc="391036030" name="ant/lib/ant-netrexx.jar"/>
        <file crc="3685207944" name="ant/lib/ant-nodeps.jar"/>
        <file crc="2649244414" name="ant/lib/ant-swing.jar"/>
        <file crc="3397877288" name="ant/lib/ant-testutil.jar"/>
        <file crc="458818529" name="ant/lib/ant.jar"/>
        <file crc="1821615842" name="ant/nblib/bridge.jar"/>
        <file crc="953143122" name="config/Modules/org-apache-tools-ant-module.xml"/>
        <file crc="2646585925" name="modules/org-apache-tools-ant-module.jar"/>
    </module_version>
</module>
