<?xml version="1.0" encoding="UTF-8"?>
<module codename="org.netbeans.modules.websvc.jaxws21/1">
    <module_version install_time="1280356159536" last="true" origin="installer" specification_version="1.10.1">
        <file crc="3073185714" name="config/Modules/org-netbeans-modules-websvc-jaxws21.xml"/>
        <file crc="2204157762" name="docs/jaxws-api-doc.zip"/>
        <file crc="36330023" name="modules/ext/jaxws22/FastInfoset.jar"/>
        <file crc="482514919" name="modules/ext/jaxws22/gmbal-api-only.jar"/>
        <file crc="3281781033" name="modules/ext/jaxws22/http.jar"/>
        <file crc="2522245402" name="modules/ext/jaxws22/jaxws-rt.jar"/>
        <file crc="3134123252" name="modules/ext/jaxws22/jaxws-tools.jar"/>
        <file crc="4152332606" name="modules/ext/jaxws22/management-api.jar"/>
        <file crc="3155674638" name="modules/ext/jaxws22/mimepull.jar"/>
        <file crc="3953742447" name="modules/ext/jaxws22/policy.jar"/>
        <file crc="2815758074" name="modules/ext/jaxws22/saaj-impl.jar"/>
        <file crc="3264181965" name="modules/ext/jaxws22/stax-ex.jar"/>
        <file crc="4144785617" name="modules/ext/jaxws22/streambuffer.jar"/>
        <file crc="1306451925" name="modules/ext/jaxws22/woodstox.jar"/>
        <file crc="3063745337" name="modules/org-netbeans-modules-websvc-jaxws21.jar"/>
    </module_version>
</module>
