<?xml version="1.0" encoding="UTF-8"?>
<module codename="org.netbeans.modules.maven.embedder/1">
    <module_version install_time="1280356341342" last="true" origin="installer" specification_version="1.6.1">
        <file crc="2918674022" name="config/Modules/org-netbeans-modules-maven-embedder.xml"/>
        <file crc="1361781308" name="maven2/fallback_pom.xml"/>
        <file crc="2480507728" name="maven2/rootpackage/default-report.xml"/>
        <file crc="2664614225" name="maven2/settings.xml"/>
        <file crc="1807649264" name="modules/ext/jdom-1.0.jar"/>
        <file crc="3954611063" name="modules/ext/maven-dependency-tree-1.2.jar"/>
        <file crc="3647062748" name="modules/ext/maven-embedder-2.1-20080623-patched.jar"/>
        <file crc="534207736" name="modules/org-netbeans-modules-maven-embedder.jar"/>
    </module_version>
</module>
