<?xml version="1.0" encoding="UTF-8"?>
<module codename="org.netbeans.modules.websvc.jaxws21api/1">
    <module_version install_time="1280356156234" last="true" origin="installer" specification_version="1.10.1">
        <file crc="1022855919" name="config/Modules/org-netbeans-modules-websvc-jaxws21api.xml"/>
        <file crc="3698453334" name="modules/ext/jaxws22/api/jaxws-api.jar"/>
        <file crc="1948195023" name="modules/ext/jaxws22/api/jsr181-api.jar"/>
        <file crc="755600072" name="modules/ext/jaxws22/api/jsr250-api.jar"/>
        <file crc="1177257282" name="modules/ext/jaxws22/api/saaj-api.jar"/>
        <file crc="2958652482" name="modules/org-netbeans-modules-websvc-jaxws21api.jar"/>
    </module_version>
</module>
