<?xml version="1.0" encoding="UTF-8"?>
<module codename="org.netbeans.modules.dlight.nativeexecution">
    <module_version install_time="1280357263661" last="true" origin="installer" specification_version="1.5.2">
        <file crc="1624721201" name="bin/nativeexecution/Linux-x86/process_start"/>
        <file crc="3401998987" name="bin/nativeexecution/Linux-x86/pty"/>
        <file crc="2388392973" name="bin/nativeexecution/Linux-x86/pty_open"/>
        <file crc="1274025584" name="bin/nativeexecution/Linux-x86/unbuffer.so"/>
        <file crc="3244821143" name="bin/nativeexecution/Linux-x86_64/process_start"/>
        <file crc="3878939982" name="bin/nativeexecution/Linux-x86_64/pty"/>
        <file crc="3026704776" name="bin/nativeexecution/Linux-x86_64/pty_open"/>
        <file crc="3590972708" name="bin/nativeexecution/Linux-x86_64/unbuffer.so"/>
        <file crc="1275998866" name="bin/nativeexecution/MacOSX-x86/process_start"/>
        <file crc="1194285945" name="bin/nativeexecution/MacOSX-x86/pty"/>
        <file crc="484702376" name="bin/nativeexecution/MacOSX-x86/pty_open"/>
        <file crc="2121602452" name="bin/nativeexecution/MacOSX-x86/unbuffer.dylib"/>
        <file crc="3584022884" name="bin/nativeexecution/MacOSX-x86_64/process_start"/>
        <file crc="1452229145" name="bin/nativeexecution/MacOSX-x86_64/pty"/>
        <file crc="1101644173" name="bin/nativeexecution/MacOSX-x86_64/pty_open"/>
        <file crc="380202925" name="bin/nativeexecution/MacOSX-x86_64/unbuffer.dylib"/>
        <file crc="2274267119" name="bin/nativeexecution/SunOS-sparc/privp"/>
        <file crc="2375421553" name="bin/nativeexecution/SunOS-sparc/process_start"/>
        <file crc="3044959368" name="bin/nativeexecution/SunOS-sparc/pty"/>
        <file crc="1192685410" name="bin/nativeexecution/SunOS-sparc/pty_open"/>
        <file crc="1652411672" name="bin/nativeexecution/SunOS-sparc/unbuffer.so"/>
        <file crc="27567191" name="bin/nativeexecution/SunOS-sparc_64/privp"/>
        <file crc="3601603648" name="bin/nativeexecution/SunOS-sparc_64/process_start"/>
        <file crc="929537683" name="bin/nativeexecution/SunOS-sparc_64/pty"/>
        <file crc="2850295025" name="bin/nativeexecution/SunOS-sparc_64/pty_open"/>
        <file crc="793058153" name="bin/nativeexecution/SunOS-sparc_64/unbuffer.so"/>
        <file crc="2839716019" name="bin/nativeexecution/SunOS-x86/privp"/>
        <file crc="3724505277" name="bin/nativeexecution/SunOS-x86/process_start"/>
        <file crc="2389085436" name="bin/nativeexecution/SunOS-x86/pty"/>
        <file crc="270333344" name="bin/nativeexecution/SunOS-x86/pty_open"/>
        <file crc="2190375803" name="bin/nativeexecution/SunOS-x86/unbuffer.so"/>
        <file crc="2705884234" name="bin/nativeexecution/SunOS-x86_64/process_start"/>
        <file crc="4117644195" name="bin/nativeexecution/SunOS-x86_64/pty"/>
        <file crc="3996202788" name="bin/nativeexecution/SunOS-x86_64/pty_open"/>
        <file crc="3592821720" name="bin/nativeexecution/SunOS-x86_64/unbuffer.so"/>
        <file crc="1673852288" name="bin/nativeexecution/Windows-x86/process_start"/>
        <file crc="2360925675" name="bin/nativeexecution/Windows-x86/pty"/>
        <file crc="2550802642" name="bin/nativeexecution/Windows-x86/pty_open"/>
        <file crc="2636697233" name="bin/nativeexecution/Windows-x86/unbuffer.dll"/>
        <file crc="1673852288" name="bin/nativeexecution/Windows-x86_64/process_start"/>
        <file crc="2360925675" name="bin/nativeexecution/Windows-x86_64/pty"/>
        <file crc="2550802642" name="bin/nativeexecution/Windows-x86_64/pty_open"/>
        <file crc="4276572985" name="bin/nativeexecution/dorun.sh"/>
        <file crc="752348711" name="bin/nativeexecution/hostinfo.sh"/>
        <file crc="249150406" name="config/Modules/org-netbeans-modules-dlight-nativeexecution.xml"/>
        <file crc="2469433688" name="modules/org-netbeans-modules-dlight-nativeexecution.jar"/>
    </module_version>
</module>
